,Sex,Age,SibSp,Parch,Fare,Cabin_mapped,Title_Master,Title_Miss,Title_Mr,Title_Mrs,Title_Officer,Title_Royalty,Embarked_C,Embarked_Q,Embarked_S,Cabin_A,Cabin_B,Cabin_C,Cabin_D,Cabin_E,Cabin_F,Cabin_G,Cabin_T,Cabin_U,Pclass_1,Pclass_2,Pclass_3,Ticket_A,Ticket_A4,Ticket_A5,Ticket_AQ3,Ticket_AQ4,Ticket_AS,Ticket_C,Ticket_CA,Ticket_CASOTON,Ticket_FC,Ticket_FCC,Ticket_Fa,Ticket_LINE,Ticket_LP,Ticket_PC,Ticket_PP,Ticket_PPP,Ticket_SC,Ticket_SCA3,Ticket_SCA4,Ticket_SCAH,Ticket_SCOW,Ticket_SCPARIS,Ticket_SCParis,Ticket_SOC,Ticket_SOP,Ticket_SOPP,Ticket_SOTONO2,Ticket_SOTONOQ,Ticket_SP,Ticket_STONO,Ticket_STONO2,Ticket_STONOQ,Ticket_SWPP,Ticket_WC,Ticket_WEP,Ticket_XXX,FamilySize,Singleton,SmallFamily,LargeFamily,Survived
Sex,1.0,0.103188797569784,-0.1146308103894235,-0.24548896009069662,-0.18233283380287008,-0.11422872033395033,0.15993449120927894,-0.6915479323153152,0.8673340331196764,-0.5526857455472369,0.08922818857697913,-0.007483095145664244,-0.08285346936132211,-0.0741151230107406,0.11922374957907729,0.07827070491558712,-0.10968907264911042,-0.058649357510697386,-0.07924813351165919,-0.047002522915802786,-0.00820232865990087,-0.09103140971697297,0.024727596998439266,0.14039098300982902,-0.09801313559770322,-0.06474631195100318,0.13714278241321468,,0.06564472071426906,0.0836379952252585,,,0.02472759699843933,0.02396708303729147,-0.006179130541375493,0.024727596998439523,0.02472759699843943,-0.07038345151157593,0.02472759699843918,0.04953875676105535,,-0.07363887173778894,-0.03823485479464286,-0.014653357306902514,-0.04543892824235563,,0.02472759699843913,-0.03823485479464235,0.024727596998439214,0.039034417640377406,-0.020746326477958602,0.032014686790154706,0.024727596998439176,0.002321401898246113,0.03498976573663319,0.0782707049155873,0.024727596998439138,0.08619321952160457,-0.08288998966514473,,0.03498976573663283,-0.05521598491314955,0.002321401898246139,-0.032506788878110676,-0.20098844437108596,0.30364618554380607,-0.2607471080704818,-0.102953716994066,-0.5433513806577526
Age,0.103188797569784,1.0,-0.2708246669923013,-0.18459069143460827,0.12118757296440656,0.19530957819852268,-0.39577177867310204,-0.3006238953095943,0.20857623245108461,0.19694967538544458,0.18956835820262916,0.06940853987760398,0.04865193776789486,-0.10547117171824348,0.023751991966722254,0.14289443194520332,0.10553646390140853,0.14766450137026157,0.1447165808637223,0.12301187866149854,-0.08001377050451178,-0.07163761341487171,0.03942046472771486,-0.2757271680676219,0.3919479015600217,0.027626590150937592,-0.3601882058032895,,-0.029187616248632062,0.011297961190509118,,,-0.007799309894599608,0.0014579417131151131,-0.08128554979780794,-0.0028288073027770413,0.0046269465849567955,0.038218101375871456,-0.0077993098945996165,0.015493155511251643,,0.16857813111304237,-0.05374531709372068,-0.0004861347505139625,-0.03016657155780106,,-0.007799309894599618,0.020951405256227074,0.009597449176779358,-0.029187616248632052,-0.03803003111479567,-0.04255983871449044,0.05433197250318277,0.016641978966807087,0.004788843686296178,-0.03174061038398216,-0.02519606896597847,-0.0026413471046542263,-0.02221060558039998,,0.039955366598363934,-0.020839693091019757,0.09277517674656163,-0.03987585604021168,-0.2773178059085835,0.17936295680948347,-0.06243731943948034,-0.22976415079898407,-0.0628999501414038
SibSp,-0.1146308103894235,-0.2708246669923013,1.0,0.41483769862015263,0.15965104324216103,-0.05452540631351542,0.3495586811719443,0.08494493679436231,-0.250489379211415,0.05994100762718746,-0.02471197751175647,-0.008384368547790007,-0.05952821504870246,-0.026353729241718093,0.06873358590347818,-0.04626632004346273,-0.03453797460526211,0.029250558770069345,-0.017574689582936006,-0.03686515674360784,0.0017061835940298921,-0.0014018892696300589,-0.015906791118565963,0.04046001036349831,-0.05458155100768302,-0.05593163590694451,0.09254804631012825,,-0.019159237792431366,-0.0468761999278143,,,-0.01590679111856578,-0.035648866270712426,0.35751155591009637,-0.015906791118565165,0.014507266578090587,-0.008384368547790013,-0.01590679111856623,-0.03186733656817804,,-0.0462437966399026,-0.010003051709736368,0.020527908922096796,-0.015906791118565893,,-0.01590679111856639,0.007576275851161086,-0.01590679111856611,-0.007624858824149869,0.01383083437964362,0.03563564178258143,-0.015906791118566233,-0.027582379270633155,-0.022508248371051948,-0.06209707701685947,-0.015906791118566358,-0.04661190529513674,-0.0017188956624539125,,-0.022508248371052426,0.026776195232628846,0.00757627585116111,-0.08076751580100523,0.8907116718699047,-0.5844711694024861,0.21322455569704263,0.7306914586050175,-0.03532249888573588
Parch,-0.24548896009069662,-0.18459069143460827,0.41483769862015263,1.0,0.21622494477076254,0.03694436406345429,0.26734378639537704,0.10251385652533855,-0.3339048477488132,0.22131789460648468,-0.0482110338756327,-0.035583390765072914,-0.011068771902447054,-0.0812281037127347,0.06081360755360959,-0.04032542662628607,0.056497626375150864,0.030735748930416865,-0.019125448911999188,-0.016553694147780445,0.023693884379167987,0.07238842365398986,-0.01587757545757632,-0.036987034298118136,-0.017633491175154125,-0.0007338972396312793,0.015790384600964897,,-0.04215043647783968,-0.055224743482331605,,,-0.015877575457576395,-0.035583390765073046,0.22843477083291588,-0.015877575457576655,-0.015877575457576527,0.039016141403586634,-0.015877575457576197,-0.03180880651677642,,-0.049451355742959384,0.04461758040813265,-0.022466907955568577,-0.015877575457576346,,-0.015877575457576124,-0.027531719308104212,-0.01587757545757625,0.005189108356305299,0.09322786968814192,-0.03900166777362528,-0.015877575457576194,-0.027531719308103993,-0.022466907955568213,-0.061983024651615676,-0.01587757545757614,-0.0553446154501837,-0.03900166777362503,,-0.022466907955568157,0.13468247616671936,0.04461758040813267,-0.035762371733614046,0.7831107750000561,-0.5833976837814403,0.2658631751423373,0.6315231746731084,0.08162940708348222
Fare,-0.18233283380287008,0.12118757296440656,0.15965104324216103,0.21622494477076254,1.0,0.3768883920217437,0.010908422221477022,0.12082933025319688,-0.18376561442791048,0.10566463993183597,0.010356574783233922,0.01504362163294423,0.26933473491526394,-0.11721599017237648,-0.16218418797987244,0.01954895568894379,0.38629710118412625,0.36431777774462426,0.09887782761460509,0.05371671499922873,-0.0330934137802439,-0.02518034844705735,0.002224383591727204,-0.482075352452561,0.5917107188835107,-0.1185566980395822,-0.4133325422867402,,-0.035304231066144595,-0.07188238755154894,,,-0.016302067413285,-0.03339866970842252,-0.005362862786457683,-0.014648522605915959,0.013360501682171672,-0.015358863545387444,-0.016799818146115482,-0.04354373668665246,,0.486256104176831,-0.021011897940845365,-0.007835120226161606,-0.013636148234057396,,-0.01630206741328501,-0.012023292973679519,-0.013450546265883323,-0.016863488614424996,0.002973218683068794,0.051055232084848495,-0.013281817203906886,-0.026551341234254938,-0.02356894928320814,-0.06501022724359862,-0.01622897398363682,-0.05758885372894606,-0.035872098752554066,,-0.020727787435274092,-0.02114944427143559,0.04157015771726927,-0.17317013266691286,0.21713840705243473,-0.27183235810610606,0.20552717549473415,0.1436362139555972,0.2573065223849618
Cabin_mapped,-0.11422872033395033,0.19530957819852268,-0.05452540631351542,0.03694436406345429,0.3768883920217437,1.0,0.0075950153862203475,0.04385300854052807,-0.13102226534512448,0.08307764358140407,0.0632949741370325,0.0989089991820592,0.19086786296240396,-0.11335127315630414,-0.09587605153070593,0.302127626485002,0.6749270377803905,0.027677626970869892,0.34469881238242456,0.12645313324231477,0.41509395359184514,0.08101361737396953,0.1328248573378472,-0.8208367827099222,0.5987103489870143,-0.10592235716947221,-0.42964599733353726,,-0.03980305549899923,-0.06949339766997378,,,-0.01499334455195324,-0.033601732172083364,-0.056898240517509725,-0.014993344551953489,0.09587030686539634,-0.033601732172083176,-0.014993344551953032,-0.030037356595579538,,0.22541874637014336,0.03808073585832254,-0.021215713500773586,-0.014993344551953185,,-0.014993344551952963,0.01672100299728042,-0.014993344551953084,-0.03980305549899918,0.00697963472760395,-0.036829643454898635,-0.014993344551953029,-0.0046387298637617196,-0.021215713500773458,-0.04891358840360126,-0.014993344551952975,-0.05226244339112887,-0.036829643454898496,,-0.021215713500773295,-0.04765468140860333,0.12351966730249238,-0.0075875252857872735,-0.01880944659815739,-0.09955906134782871,0.14901379318617575,-0.08342141576065903,0.2703097268623015
Title_Master,0.15993449120927894,-0.39577177867310204,0.3495586811719443,0.26734378639537704,0.010908422221477022,0.0075950153862203475,1.0,-0.11060236670167581,-0.2549028469729139,-0.08839351351271689,-0.031131091384855925,-0.01628670975318889,-0.03522488963989168,0.0104783528991255,0.024264415970493794,0.013759432773379824,-0.02691419307604471,-0.03593679573580793,-0.0425185594156757,-0.012716958515004501,0.10922707907583587,-0.014559062197147055,-0.007267251869535935,0.02784139912677712,-0.08469982248797771,0.009903119518533331,0.06491803963990135,,-0.019292481973320966,-0.033683346793476225,,,-0.007267251869535951,-0.016286709753189185,0.1593374768706993,-0.007267251869536005,-0.0072672518695359786,-0.01628670975318913,-0.007267251869535913,-0.014559062197147093,,-0.058255955376075884,-0.01260141632757198,-0.010283224871394462,-0.00726725186953594,,-0.007267251869535898,-0.012601416327571826,-0.007267251869535921,0.04209895173463883,-0.014559062197147062,-0.01785127356504835,-0.007267251869535913,-0.012601416327571764,-0.01028322487139455,-0.028369964481195702,-0.0072672518695359005,-0.025331528807640846,-0.01785127356504835,,-0.010283224871394448,-0.02309815340792005,-0.012601416327571655,0.016416874346996103,0.37247187579235547,-0.2670242644710886,0.10266802919820409,0.3241363548422771,0.0852205608392934
Title_Miss,-0.6915479323153152,-0.3006238953095943,0.08494493679436231,0.10251385652533855,0.12082933025319688,0.04385300854052807,-0.11060236670167581,1.0,-0.5998030572305976,-0.2079957139510312,-0.0732534924945184,-0.03832369241143932,0.03761274762564656,0.16871988671308702,-0.13912586809298785,-0.06675638044620455,0.06566396534598706,0.009097626928252308,0.017399817210443116,0.020736310902706053,0.007292371202862206,0.04868792438685991,-0.017100318575396584,-0.04534737880552251,0.021957576597583475,-0.027381464854559605,0.0033658357235896493,,-0.045396470877367534,-0.07925911626492094,,,-0.017100318575396664,-0.0012080294347083262,-0.0061783615774126865,-0.01710031857539695,-0.017100318575396796,0.07302329651875204,-0.017100318575396484,-0.034258424807578264,,0.039932020425832444,0.018210168717162033,-0.02419710014736561,0.06570611539568108,,-0.017100318575396414,-0.029651956141220983,-0.017100318575396536,-0.013992545759561152,0.0072147497896402025,-0.008104266697906351,-0.01710031857539648,-0.029651956141220702,-0.024197100147365546,-0.045205679367376385,-0.017100318575396428,-0.05960674273976528,0.09359857313075044,,-0.02419710014736528,0.07724406499349705,0.018210168717162484,0.022157164542469424,0.10927117180626172,-0.050401873003689035,-0.0076835156579441,0.1111048975430253,0.3327954348973081
Title_Mr,0.8673340331196764,0.20857623245108461,-0.250489379211415,-0.3339048477488132,-0.18376561442791048,-0.13102226534512448,-0.2549028469729139,-0.5998030572305976,1.0,-0.4793631567332432,-0.16882571634228002,-0.08832377275017356,-0.07256696814450073,-0.07833757259465371,0.11286954238195138,0.04059073114054161,-0.1146732807798014,-0.047872907007566086,-0.04995170033745206,-0.03138364455376772,-0.048234735211693754,-0.07895463973039342,0.028509888986481553,0.137318795863582,-0.09728800643061856,-0.08856943849254081,0.15590661595538097,,0.0756856276908137,0.10216012521614105,,,0.028509888986481595,0.03345027989261859,-0.0628467847475632,0.028509888986481793,0.028509888986481696,-0.05788025958947549,0.02850988898648151,0.05711612235815498,,-0.06184072225078114,-0.029080090425727963,-0.007712391840752041,-0.039410728893078756,,0.028509888986481456,-0.029080090425728407,0.02850988898648155,0.024168519766814094,-0.010919258686118002,0.0422249810570075,-0.03941072889307922,0.010178031649004984,0.04034174193624115,0.09362055730802163,0.028509888986481456,0.09937719059815937,-0.06900179831266978,,0.04034174193624092,-0.03891136930846368,-0.029080090425728653,-0.03920019026968765,-0.3380142206968866,0.396920378046148,-0.2927921789786062,-0.22322065864931276,-0.5491991849030061
Title_Mrs,-0.5526857455472369,0.19694967538544458,0.05994100762718746,0.22131789460648468,0.10566463993183597,0.08307764358140407,-0.08839351351271689,-0.2079957139510312,-0.4793631567332432,1.0,-0.05854425878727544,-0.030628330333698144,0.06610131522260265,-0.09112113032177219,-0.0005648721967050281,-0.05335176084385084,0.061767042671413454,0.07217392650088031,0.07303361124993556,0.042076500798137684,0.003936441681893475,0.06866399733384655,-0.01366659038267461,-0.12166021418939768,0.09148323393806798,0.1250929375157401,-0.18063008698313418,,-0.036280901409205604,-0.021019648885749555,,,-0.013666590382674516,-0.030628330333698158,0.01771280305075197,-0.013666590382674197,-0.013666590382674357,0.012347799315632998,-0.01366659038267475,-0.027379364713967694,,0.056976975966547855,0.03172155921243685,0.0484981323378883,-0.01366659038267457,,-0.013666590382674836,0.0871409891306322,-0.013666590382674681,-0.036280901409205604,0.020642316309940248,-0.03357060523046945,-0.013666590382674754,0.03172155921243643,-0.01933834476267437,-0.053351760843850925,-0.01366659038267482,-0.04763776379241577,0.005683212696496169,,-0.01933834476267452,-0.012962916274443537,-0.023697870705761636,0.013083101469395548,0.15153437992489516,-0.3578262083291912,0.365088035493775,0.014670269956066621,0.3449349674862835
Title_Officer,0.08922818857697913,0.18956835820262916,-0.02471197751175647,-0.0482110338756327,0.010356574783233922,0.0632949741370325,-0.031131091384855925,-0.0732534924945184,-0.16882571634228002,-0.05854425878727544,1.0,-0.010786915382051567,-0.008034150308403395,0.012618108180785658,-0.000902339228076798,0.04321659469852452,0.07317707071798119,0.02592396658905055,0.014080317925903729,-0.027714531275311774,-0.017472439642305097,-0.009642670271808967,-0.004813202430981686,-0.05465759808389721,0.10491910373047321,0.0844007630915102,-0.1590889007772568,,-0.012777680311716711,-0.022308951111159162,,,-0.004813202430981674,-0.010786915382051496,-0.031536362294272154,-0.004813202430981651,-0.004813202430981663,-0.010786915382051414,-0.004813202430981699,-0.009642670271808958,,-0.00675215328119743,-0.008346094065617305,-0.006810723480881347,-0.00481320243098168,,-0.004813202430981708,-0.008346094065617269,-0.004813202430981692,-0.012777680311716716,-0.00964267027180895,-0.01182314785037121,0.23344031790261124,-0.00834609406561721,-0.0068107234808813,-0.01878982378196754,-0.004813202430981707,-0.01677742539081759,-0.01182314785037119,,-0.006810723480881352,-0.015298229665085619,0.12936445801706747,0.03001387653454353,-0.040975222603576555,0.03507437691043732,-0.015278626164421192,-0.03926880724587659,-0.0313156704377361
Title_Royalty,-0.007483095145664244,0.06940853987760398,-0.008384368547790007,-0.035583390765072914,0.01504362163294423,0.0989089991820592,-0.01628670975318889,-0.03832369241143932,-0.08832377275017356,-0.030628330333698144,-0.010786915382051567,1.0,0.07901996124370045,-0.02310475147240414,-0.05468489688919754,0.22373502426095201,0.049485939971799786,-0.020004720314644914,-0.014732670207853604,-0.014499283730420406,-0.009140975805068173,-0.005044711411532749,-0.0025181009559746693,-0.06634031635839353,0.1327984946472912,-0.03832369241143928,-0.08322980777903087,,-0.006684840180617743,-0.011671271243072375,,,-0.0025181009559746698,-0.0056433408577878635,-0.016498733469013052,-0.00251810095597468,-0.0025181009559746732,-0.0056433408577878826,-0.0025181009559746602,-0.005044711411532768,,0.09971722943041976,-0.004366387607138111,-0.0035631348471226814,-0.0025181009559746693,,-0.002518100955974655,-0.004366387607138147,-0.0025181009559746646,-0.006684840180617731,-0.005044711411532766,-0.006185461827454744,-0.0025181009559746602,-0.004366387607138144,-0.003563134847122684,-0.009830185600217565,-0.0025181009559746563,-0.008777368398942536,-0.006185461827454733,,-0.0035631348471226753,-0.008003504381284918,-0.004366387607138143,-0.02435289338272208,-0.023507301524230525,-0.0004135143726610364,0.011567757391491806,-0.020544081094395,0.03339067501969877
Embarked_C,-0.08285346936132211,0.04865193776789486,-0.05952821504870246,-0.011068771902447054,0.26933473491526394,0.19086786296240396,-0.03522488963989168,0.03761274762564656,-0.07256696814450073,0.06610131522260265,-0.008034150308403395,0.07901996124370045,1.0,-0.14825817586486686,-0.7827421287187183,0.0930402971952326,0.16864154720258223,0.11395197565847175,0.10297709264931733,-0.015939117405951414,-0.03472608318632726,-0.03237081829388284,-0.016158107340919662,-0.20852753758866016,0.2964226793966662,-0.12541560201318058,-0.1533288384058338,,-0.042895168654390685,-0.0748920145965935,,,-0.01615810734091974,-0.0362120935323024,-0.10586879201527298,-0.016158107340920002,-0.016158107340919874,-0.03621209353230246,-0.016158107340919547,-0.03237081829388291,,0.39713930702986266,-0.02801816165503733,0.09839626764313814,0.06953756909217151,,-0.016158107340919478,0.021513945556545868,-0.016158107340919596,0.1846024222447872,0.1393101287290334,-0.0396907661402684,-0.016158107340919544,-0.02801816165503661,-0.022863863020812003,-0.06307816758998769,-0.016158107340919495,-0.056322468098192864,-0.03969076614026795,,-0.02286386302081161,-0.05135675064555505,-0.028018161655036785,-0.11561532154372363,-0.046215263541565764,-0.0952984836030631,0.15858615565389098,-0.10927357325775983,0.16824043121823343
Embarked_Q,-0.0741151230107406,-0.10547117171824348,-0.026353729241718093,-0.0812281037127347,-0.11721599017237648,-0.11335127315630414,0.0104783528991255,0.16871988671308702,-0.07833757259465371,-0.09112113032177219,0.012618108180785658,-0.02310475147240414,-0.14825817586486686,1.0,-0.499420513616374,-0.040246371953096015,-0.0725789808881372,-0.04977613511541558,-0.060317937947625376,-0.03789654229938627,-0.004112597299637898,-0.020653865564865998,-0.010309513147682574,0.12957187437517734,-0.1553424415002991,-0.12730128636474589,0.23744875463762274,,-0.027368818382247948,-0.02145407438152363,,,-0.010309513147682591,-0.023104751472404466,-0.06754848697202652,-0.010309513147682638,-0.010309513147682615,-0.02310475147240439,-0.010309513147682544,-0.020653865564866026,,-0.08264341853873546,-0.017876698047734528,-0.014588051152682536,-0.01030951314768258,,-0.010309513147682532,-0.01787669804773422,-0.010309513147682556,-0.027368818382248042,-0.020653865564866054,-0.025324282524626564,-0.010309513147682544,-0.017876698047733796,-0.01458805115268258,-0.04024637195309611,-0.010309513147682534,-0.03593596781584414,-0.025324282524626162,,-0.014588051152682505,-0.032767643191833534,-0.017876698047733897,0.17229709605617344,-0.05859208586462355,0.08646366375783432,-0.08709331349711405,-0.005620306600961298,0.003650382683972286
Embarked_S,0.11922374957907729,0.023751991966722254,0.06873358590347818,0.06081360755360959,-0.16218418797987244,-0.09587605153070593,0.024264415970493794,-0.13912586809298785,0.11286954238195138,-0.0005648721967050281,-0.000902339228076798,-0.05468489688919754,-0.7827421287187183,-0.499420513616374,1.0,-0.056180052617075406,-0.10206292009323606,-0.06850245538907758,-0.05225404201124808,0.037811645442444794,0.03300953721979665,0.04135566121485236,0.020642950913309886,0.1011390156937402,-0.161921335797794,0.18998002125005914,-0.015104318105340702,,0.05480114980473267,0.07910954937959369,,,0.020642950913309706,0.046263120641758824,0.13525372933301671,0.0206429509133091,0.020642950913309404,0.04626312064175885,0.020642950913310153,0.04135566121485161,,-0.29590279358006943,0.03579488138820199,-0.07701890399296574,-0.054429984857132595,,0.020642950913310316,-0.007597280947700096,0.02064295091331003,-0.14449609295451898,-0.10904390671344294,0.050707333467839545,0.020642950913310164,0.035794881388202526,0.029209955848725894,0.0805861410490833,0.020642950913310285,0.07195532989949757,0.050707333467839594,,0.029209955848726207,0.0656113281261855,0.03579488138820232,-0.007142920417176203,0.07735851572595014,0.0290737393838595,-0.08412010298646973,0.09926500602671384,-0.14968272327068607
Cabin_A,0.07827070491558712,0.14289443194520332,-0.04626632004346273,-0.04032542662628607,0.01954895568894379,0.302127626485002,0.013759432773379824,-0.06675638044620455,0.04059073114054161,-0.05335176084385084,0.04321659469852452,0.22373502426095201,0.0930402971952326,-0.040246371953096015,-0.056180052617075406,1.0,-0.03087957269989166,-0.034846400125206796,-0.025662969184315505,-0.025256431204851902,-0.015922747003119023,-0.008787427646953122,-0.004386302436996663,-0.2401357727691078,0.2313228781867529,-0.06675638044620474,-0.14497874194666996,,-0.011644382527874548,-0.020330291116750773,,,-0.004386302436996628,-0.00983018560021755,-0.02873929047633235,-0.0043863024369964814,-0.00438630243699656,-0.00983018560021755,-0.004386302436996731,-0.008787427646952988,,0.06926836167746,-0.007605849382892317,-0.006206656260623077,-0.004386302436996645,,-0.00438630243699677,-0.007605849382892418,-0.0043863024369967,-0.011644382527874564,-0.008787427646952903,-0.010774510935845855,-0.004386302436996733,-0.00760584938289252,-0.006206656260623148,-0.01712328767123317,-0.004386302436996762,-0.015289376030515271,-0.010774510935845869,,-0.006206656260623258,-0.013941375419776737,-0.00760584938289248,0.017384359261264113,-0.05176735549797868,0.052762294458075024,-0.03560664064966492,-0.035785917461485656,0.02228695381130176
Cabin_B,-0.10968907264911042,0.10553646390140853,-0.03453797460526211,0.056497626375150864,0.38629710118412625,0.6749270377803905,-0.02691419307604471,0.06566396534598706,-0.1146732807798014,0.061767042671413454,0.07317707071798119,0.049485939971799786,0.16864154720258223,-0.0725789808881372,-0.10206292009323606,-0.03087957269989166,1.0,-0.06284084964615581,-0.04627975292113363,-0.04554661572615351,-0.02871455722202326,-0.015846957434755792,-0.007910113267237267,-0.43305293909919057,0.417160055432373,-0.12038625658514128,-0.26144988554984655,,-0.020999095717986683,-0.03666297702890075,,,-0.00791011326723733,-0.01772743276428808,-0.05182748936106074,-0.00791011326723754,0.14204543824571295,-0.017727432764288165,-0.007910113267237173,-0.015846957434755875,,0.1970409634361179,-0.01371613813146591,-0.011192879364231885,-0.007910113267237293,,-0.007910113267237116,-0.01371613813146591,-0.007910113267237215,-0.020999095717986718,-0.01584695743475615,-0.019430397954955443,-0.00791011326723717,-0.013716138131465824,-0.011192879364231866,-0.030879572699891607,-0.007910113267237126,-0.02757235688234453,-0.019430397954955398,,-0.011192879364231672,-0.025141417003389947,0.15963250123216732,-0.04437419352427495,0.004619762370505214,-0.06491411023418449,0.08126424875655335,-0.02506993249490115,0.17509503365047693
Cabin_C,-0.058649357510697386,0.14766450137026157,0.029250558770069345,0.030735748930416865,0.36431777774462426,0.027677626970869892,-0.03593679573580793,0.009097626928252308,-0.047872907007566086,0.07217392650088031,0.02592396658905055,-0.020004720314644914,0.11395197565847175,-0.04977613511541558,-0.06850245538907758,-0.034846400125206796,-0.06284084964615581,1.0,-0.052224906207693114,-0.051397589317942236,-0.03240326412872593,-0.01788267683965049,-0.008926256027721584,-0.48868344578161876,0.4707489429703342,-0.13585122136603264,-0.2950360554889264,,-0.023696665066192602,-0.041372747600707346,,,-0.00892625602772149,-0.02000472031464488,-0.05848531161076377,-0.008926256027721164,-0.008926256027721331,-0.020004720314644862,-0.008926256027721716,-0.017882676839650197,,0.19859520251871313,-0.015478129899877834,-0.012630730245841609,-0.008926256027721548,,-0.008926256027721803,-0.015478129899877943,-0.008926256027721655,-0.02369666506619261,-0.01788267683965002,-0.0219264504826753,-0.00892625602772172,-0.015478129899878193,-0.012630730245841722,-0.03484640012520687,-0.008926256027721785,-0.031114335345725403,-0.021926450482675233,,-0.012630730245841982,-0.028371113976518043,-0.015478129899878054,0.002373020796863581,0.035346823289868025,-0.12506230865113993,0.13139428137662157,-0.0018714019367853357,0.11465211543263704
Cabin_D,-0.07924813351165919,0.1447165808637223,-0.017574689582936006,-0.019125448911999188,0.09887782761460509,0.34469881238242456,-0.0425185594156757,0.017399817210443116,-0.04995170033745206,0.07303361124993556,0.014080317925903729,-0.014732670207853604,0.10297709264931733,-0.060317937947625376,-0.05225404201124808,-0.025662969184315505,-0.04627975292113363,-0.052224906207693114,1.0,-0.03785225291780862,-0.023863697995168028,-0.013169870718928287,-0.006573827785585798,-0.3598956610989194,0.29121760301824734,-0.04132456587480189,-0.21728216323835572,,-0.017451638711019873,-0.03046936105113999,,,-0.006573827785585763,-0.014732670207853467,-0.04307207471099401,-0.006573827785585651,-0.006573827785585707,-0.014732670207853434,-0.00657382778558585,-0.013169870718928256,,0.06587163638370191,-0.011399018814689178,-0.009302023735874246,-0.006573827785585783,,-0.006573827785585879,0.09119215051751255,-0.006573827785585825,-0.017451638711019807,0.0757267566338379,-0.01614794701996489,-0.0065738277855858515,-0.011399018814688916,-0.009302023735874104,-0.025662969184315584,-0.006573827785585874,-0.02291445389764203,-0.016147947019964918,,-0.0093020237358743,-0.020894181926625968,-0.011399018814688982,0.02062208321390835,-0.021566454187179195,-0.08366378267613887,0.11629476620140533,-0.053632977187518145,0.15071564423048353
Cabin_E,-0.047002522915802786,0.12301187866149854,-0.03686515674360784,-0.016553694147780445,0.05371671499922873,0.12645313324231477,-0.012716958515004501,0.020736310902706053,-0.03138364455376772,0.042076500798137684,-0.027714531275311774,-0.014499283730420406,-0.015939117405951414,-0.03789654229938627,0.037811645442444794,-0.025256431204851902,-0.04554661572615351,-0.051397589317942236,-0.03785225291780862,1.0,-0.023485663033749465,-0.012961241211040215,-0.006469688991430781,-0.3541944012863829,0.2426753683431131,-0.038863860111201805,-0.17746061102336697,,-0.017175179900312816,-0.02998668297954528,,,-0.006469688991430746,-0.014499283730420361,-0.042389751707036995,-0.0064696889914306,-0.006469688991430671,-0.014499283730420351,-0.006469688991430784,-0.012961241211039996,,0.09254216393037067,-0.01121844212290004,-0.009154666432541569,-0.006469688991430764,,-0.006469688991430824,-0.011218442122899986,-0.0064696889914307625,-0.017175179900312892,-0.012961241211040028,-0.015892140542279908,-0.006469688991430785,0.09290272383026393,-0.00915466643254164,0.02162581921915383,-0.006469688991430815,-0.02255145631458181,-0.015892140542279887,,-0.009154666432541788,-0.020563188328730754,0.09290272383026643,-0.010194107188306052,-0.03346601898944847,-0.02817933136768933,0.05799060839989537,-0.052783354448161054,0.14532144323642776
Cabin_F,-0.00820232865990087,-0.08001377050451178,0.0017061835940298921,0.023693884379167987,-0.0330934137802439,0.41509395359184514,0.10922707907583587,0.007292371202862206,-0.048234735211693754,0.003936441681893475,-0.017472439642305097,-0.009140975805068173,-0.03472608318632726,-0.004112597299637898,0.03300953721979665,-0.015922747003119023,-0.02871455722202326,-0.03240326412872593,-0.023863697995168028,-0.023485663033749465,1.0,-0.008171327254269264,-0.004078771864633812,-0.22329947552212914,-0.06883342939501091,0.12290629899201459,-0.040720898655963934,,-0.0108279765287342,-0.018904902385983934,,,-0.004078771864633857,-0.00914097580506818,0.06262418876476335,-0.004078771864633881,-0.00407877186463386,-0.009140975805068317,-0.004078771864633745,-0.008171327254269367,,-0.03269636941185051,-0.007072591303309098,-0.005771497814596342,-0.004078771864633829,,-0.004078771864633748,-0.007072591303309135,-0.004078771864633775,-0.010827976528734278,-0.008171327254269391,-0.01001909300408635,-0.004078771864633744,-0.007072591303309156,-0.005771497814596265,-0.015922747003119072,-0.004078771864633746,-0.01421741379597521,-0.01001909300408636,,-0.005771497814596289,-0.012963923631180388,-0.007072591303309104,0.028999022065575055,0.013003190856971034,-0.015972217943333773,0.034690289738112064,-0.03327691042480188,0.05793494702080378
Cabin_G,-0.09103140971697297,-0.07163761341487171,-0.0014018892696300589,0.07238842365398986,-0.02518034844705735,0.08101361737396953,-0.014559062197147055,0.04868792438685991,-0.07895463973039342,0.06866399733384655,-0.009642670271808967,-0.005044711411532749,-0.03237081829388284,-0.020653865564865998,0.04135566121485236,-0.008787427646953122,-0.015846957434755792,-0.01788267683965049,-0.013169870718928287,-0.012961241211040215,-0.008171327254269264,1.0,-0.0022509880136811966,-0.12323426255336807,-0.03798771533466115,-0.03425842480757828,0.06061183542471068,,-0.005975731467096577,-0.010433216194227938,,,-0.0022509880136811753,-0.005044711411532756,-0.01474859504403464,-0.002250988013681124,-0.002250988013681149,-0.005044711411532765,-0.0022509880136812213,-0.004509582863585272,,-0.018044435452526264,0.5757240217698208,-0.0031851677006723375,-0.002250988013681191,,-0.0022509880136812334,-0.003903213706914051,-0.002250988013681211,-0.0059757314670967595,-0.004509582863585217,-0.0055293257403549,-0.0022509880136812217,-0.00390321370691405,-0.003185167700672341,-0.008787427646953186,-0.0022509880136812313,-0.007846290281096364,-0.00552932574035495,,-0.00318516770067244,-0.007154515543536984,-0.0039032137069141748,-0.0371151151670645,0.035205916961409574,-0.08270917665673662,0.09618119556920456,-0.018364823771602045,0.016040182686507424
Cabin_T,0.024727596998439266,0.03942046472771486,-0.015906791118565963,-0.01587757545757632,0.002224383591727204,0.1328248573378472,-0.007267251869535935,-0.017100318575396584,0.028509888986481553,-0.01366659038267461,-0.004813202430981686,-0.0025181009559746693,-0.016158107340919662,-0.010309513147682574,0.020642950913309886,-0.004386302436996663,-0.007910113267237267,-0.008926256027721584,-0.006573827785585798,-0.006469688991430781,-0.004078771864633812,-0.0022509880136811966,1.0,-0.06151319451793671,0.05925568289249584,-0.017100318575396622,-0.03713776357222087,,-0.0029828257540250027,-0.005207808639462588,,,-0.001123595505618003,-0.0025181009559746693,-0.007361858439466778,-0.001123595505617977,-0.0011235955056179896,-0.002518100955974667,-0.0011235955056180065,-0.0022509880136811974,,-0.009006998905656797,-0.0019483148519227388,-0.001589897454523713,-0.001123595505618011,,-0.0011235955056180084,-0.001948314851922796,-0.001123595505618011,-0.002982825754025087,-0.002250988013681186,-0.0027599993928002294,-0.0011235955056180062,-0.0019483148519227951,-0.0015898974545237045,-0.004386302436996684,-0.001123595505618007,-0.003916527516819889,-0.0027599993928002645,,-0.0015898974545237596,-0.0035712235963647116,-0.0019483148519228424,0.019772800519438073,-0.018803919040272572,0.027215698483171107,-0.023403618559321316,-0.009166922847134036,-0.026456468796961643
Cabin_U,0.14039098300982902,-0.2757271680676219,0.04046001036349831,-0.036987034298118136,-0.482075352452561,-0.8208367827099222,0.02784139912677712,-0.04534737880552251,0.137318795863582,-0.12166021418939768,-0.05465759808389721,-0.06634031635839353,-0.20852753758866016,0.12957187437517734,0.1011390156937402,-0.2401357727691078,-0.43305293909919057,-0.48868344578161876,-0.3598956610989194,-0.3541944012863829,-0.22329947552212914,-0.12323426255336807,-0.06151319451793671,1.0,-0.7887730068967544,0.1724133559680867,0.5392907253643777,,0.04849082830766005,0.08466165154118395,,,0.01826592675641858,0.040935948388119515,0.09418094298596191,0.01826592675641835,-0.06151319451793763,0.04093594838812017,0.01826592675641875,0.03659358014685339,,-0.3012455430894844,-0.06055155481749788,0.02584644590454571,0.018265926756418617,,0.018265926756418808,-0.014439216918018943,0.018265926756418704,0.04849082830766084,-0.0033633805282029883,0.044868412613415926,0.018265926756418752,-0.014439216918018848,0.025846445904545937,0.050543861342668785,0.018265926756418794,0.06366971423793667,0.04486841261341594,,0.025846445904546038,0.05805622069137209,-0.10666389271697661,0.008179866707162345,0.00917491477795222,0.1580288826419095,-0.21138648572767632,0.08603502046507137,-0.3169115231122935
Pclass_1,-0.09801313559770322,0.3919479015600217,-0.05458155100768302,-0.017633491175154125,0.5917107188835107,0.5987103489870143,-0.08469982248797771,0.021957576597583475,-0.09728800643061856,0.09148323393806798,0.10491910373047321,0.1327984946472912,0.2964226793966662,-0.1553424415002991,-0.161921335797794,0.2313228781867529,0.417160055432373,0.4707489429703342,0.29121760301824734,0.2426753683431131,-0.06883342939501091,-0.03798771533466115,0.05925568289249584,-0.7887730068967544,1.0,-0.2885852924253809,-0.6267375846396964,,-0.050338222570763994,-0.08788707488040978,,,-0.01896181852559918,-0.04249551828713408,-0.12423885912888799,-0.0189618185255991,0.05925568289249663,-0.04249551828713373,-0.018961818525599233,-0.03798771533466118,,0.4750071251603121,-0.03287979746107104,-0.02683113883622167,-0.01896181852559919,,-0.018961818525599257,-0.03287979746107117,-0.018961818525599215,-0.05033822257076335,-0.037987715334661096,-0.04657780077916601,-0.018961818525599233,-0.032879797461071426,-0.026831138836221558,-0.0740233210197621,-0.018961818525599253,-0.06609539078176155,-0.046577800779166144,,-0.026831138836221687,-0.060268035436260255,0.10274936706584777,-0.04932751740053528,-0.04611401401804062,-0.11336354127867153,0.1685680735400941,-0.09294545466613956,0.28590376778374027
Pclass_2,-0.06474631195100318,0.027626590150937592,-0.05593163590694451,-0.0007338972396312793,-0.1185566980395822,-0.10592235716947221,0.009903119518533331,-0.027381464854559605,-0.08856943849254081,0.1250929375157401,0.0844007630915102,-0.03832369241143928,-0.12541560201318058,-0.12730128636474589,0.18998002125005914,-0.06675638044620474,-0.12038625658514128,-0.13585122136603264,-0.04132456587480189,-0.038863860111201805,0.12290629899201459,-0.03425842480757828,-0.017100318575396622,0.1724133559680867,-0.2885852924253809,1.0,-0.5652101535538238,,-0.04539647087736767,-0.0792591162649208,,,-0.017100318575396695,-0.038323692411439264,0.1393844312596434,0.06570611539568291,-0.01710031857539683,0.14725462247221346,-0.01710031857539651,-0.03425842480757834,,-0.13708007011852763,-0.029651956141221115,0.09297472719667192,0.06570611539568116,,-0.017100318575396442,0.11393441843393212,0.06570611539568064,0.17443100494727676,0.13163427358129454,0.16140046634985974,0.06570611539568033,0.06607229357554613,-0.024197100147365577,-0.06675638044620458,-0.01710031857539646,-0.0596067427397653,-0.04200521330745989,,0.09297472719667008,0.02460585320825431,-0.029651956141220816,-0.060206903780832904,-0.038593992797040066,-0.0390700363026327,0.10454619665727077,-0.11772105049522834,0.09334857241192815
Pclass_3,0.13714278241321468,-0.3601882058032895,0.09254804631012825,0.015790384600964897,-0.4133325422867402,-0.42964599733353726,0.06491803963990135,0.0033658357235896493,0.15590661595538097,-0.18063008698313418,-0.1590889007772568,-0.08322980777903087,-0.1533288384058338,0.23744875463762274,-0.015104318105340702,-0.14497874194666996,-0.26144988554984655,-0.2950360554889264,-0.21728216323835572,-0.17746061102336697,-0.040720898655963934,0.06061183542471068,-0.03713776357222087,0.5392907253643777,-0.6267375846396964,-0.5652101535538238,1.0,,0.08031786158109808,0.1402294629113939,,,0.03025479720751124,0.0678043240562373,-0.0063941605851345045,-0.03713776357221947,-0.03713776357222002,-0.0832298077790304,0.030254797207511588,0.06061183542471054,,-0.29770481830962475,0.05246182495976237,-0.05255025983545483,-0.03713776357222075,,0.030254797207511713,-0.0643968901381066,-0.03713776357222114,-0.0985901750907998,-0.0744010279838311,-0.09122518236926067,-0.03713776357222137,-0.025443985105484384,0.042810802309943545,0.1181089547427026,0.03025479720751169,0.10545943374332682,0.07431786751060047,,-0.05255025983545632,0.03190158249001986,-0.06439689013810677,0.09150060153872538,0.07114202245054688,0.1294719571343361,-0.23032464095402067,0.17589028439614188,-0.3223083573729687
Ticket_A,,,,,,,,,,,,,,,,,,,,,,,,,,,,,,,,,,,,,,,,,,,,,,,,,,,,,,,,,,,,,,,,,,,,,
Ticket_A4,0.06564472071426906,-0.029187616248632062,-0.019159237792431366,-0.04215043647783968,-0.035304231066144595,-0.03980305549899923,-0.019292481973320966,-0.045396470877367534,0.0756856276908137,-0.036280901409205604,-0.012777680311716711,-0.006684840180617743,-0.042895168654390685,-0.027368818382247948,0.05480114980473267,-0.011644382527874548,-0.020999095717986683,-0.023696665066192602,-0.017451638711019873,-0.017175179900312816,-0.0108279765287342,-0.005975731467096577,-0.0029828257540250027,0.04849082830766005,-0.050338222570763994,-0.04539647087736767,0.08031786158109808,,1.0,-0.013825247301323146,,,-0.0029828257540250027,-0.006684840180617785,-0.019543635446148913,-0.002982825754025098,-0.0029828257540250435,-0.0066848401806177725,-0.0029828257540249698,-0.00597573146709661,,-0.023911014389018676,-0.005172220508365586,-0.004220724495514907,-0.0029828257540250027,,-0.002982825754024937,-0.005172220508365664,-0.0029828257540249975,-0.007918552036199145,-0.005975731467096668,-0.007327011570244673,-0.0029828257540249685,-0.005172220508365697,-0.004220724495514892,-0.011644382527874557,-0.002982825754024942,-0.01039726403773085,-0.007327011570244687,,-0.004220724495514788,-0.009480580567790919,-0.005172220508365644,-0.15085499654401102,-0.034152341648528324,0.046271438414231106,-0.035046876473801905,-0.024335566862696705,-0.07023438247444534
Ticket_A5,0.0836379952252585,0.011297961190509118,-0.0468761999278143,-0.055224743482331605,-0.07188238755154894,-0.06949339766997378,-0.033683346793476225,-0.07925911626492094,0.10216012521614105,-0.021019648885749555,-0.022308951111159162,-0.011671271243072375,-0.0748920145965935,-0.02145407438152363,0.07910954937959369,-0.020330291116750773,-0.03666297702890075,-0.041372747600707346,-0.03046936105113999,-0.02998668297954528,-0.018904902385983934,-0.010433216194227938,-0.005207808639462588,0.08466165154118395,-0.08788707488040978,-0.0792591162649208,0.1402294629113939,,-0.013825247301323146,1.0,,,-0.005207808639462613,-0.011671271243072372,-0.03412184348536592,-0.005207808639462689,-0.005207808639462649,-0.011671271243071967,-0.005207808639462556,-0.010433216194227952,,-0.04174698677769194,-0.009030341317231154,-0.007369094712580035,-0.005207808639462599,,-0.005207808639462537,-0.00903034131723101,-0.005207808639462571,-0.013825247301323137,-0.01043321619422794,-0.012792458327635687,-0.005207808639462556,-0.009030341317230822,-0.007369094712580154,-0.020330291116750793,-0.0052078086394625415,-0.01815290799652093,-0.012792458327635675,,-0.007369094712580015,-0.016552441697755486,-0.00903034131723087,-0.2633824497619009,-0.05962763988311464,0.05054898687297944,-0.029665997241834823,-0.04248822620052511,-0.0921987983652178
Ticket_AQ3,,,,,,,,,,,,,,,,,,,,,,,,,,,,,,,,,,,,,,,,,,,,,,,,,,,,,,,,,,,,,,,,,,,,,
Ticket_AQ4,,,,,,,,,,,,,,,,,,,,,,,,,,,,,,,,,,,,,,,,,,,,,,,,,,,,,,,,,,,,,,,,,,,,,
Ticket_AS,0.02472759699843933,-0.007799309894599608,-0.01590679111856578,-0.015877575457576395,-0.016302067413285,-0.01499334455195324,-0.007267251869535951,-0.017100318575396664,0.028509888986481595,-0.013666590382674516,-0.004813202430981674,-0.0025181009559746698,-0.01615810734091974,-0.010309513147682591,0.020642950913309706,-0.004386302436996628,-0.00791011326723733,-0.00892625602772149,-0.006573827785585763,-0.006469688991430746,-0.004078771864633857,-0.0022509880136811753,-0.001123595505618003,0.01826592675641858,-0.01896181852559918,-0.017100318575396695,0.03025479720751124,,-0.0029828257540250027,-0.005207808639462613,,,1.0,-0.0025181009559746745,-0.007361858439466802,-0.0011235955056179796,-0.0011235955056179922,-0.0025181009559746732,-0.001123595505617993,-0.002250988013681184,,-0.0090069989056567,-0.0019483148519227544,-0.0015898974545237013,-0.0011235955056180056,,-0.0011235955056179952,-0.0019483148519227882,-0.0011235955056179974,-0.0029828257540250934,-0.0022509880136811697,-0.0027599993928002307,-0.0011235955056179926,-0.0019483148519227915,-0.0015898974545237084,-0.004386302436996644,-0.0011235955056179935,-0.00391652751681986,-0.0027599993928002597,,-0.001589897454523748,-0.0035712235963647207,-0.0019483148519228277,-0.05682530931890289,-0.018803919040272492,0.02721569848317129,-0.023403618559321302,-0.009166922847133954,-0.026456468796961792
Ticket_C,0.02396708303729147,0.0014579417131151131,-0.035648866270712426,-0.035583390765073046,-0.03339866970842252,-0.033601732172083364,-0.016286709753189185,-0.0012080294347083262,0.03345027989261859,-0.030628330333698158,-0.010786915382051496,-0.0056433408577878635,-0.0362120935323024,-0.023104751472404466,0.046263120641758824,-0.00983018560021755,-0.01772743276428808,-0.02000472031464488,-0.014732670207853467,-0.014499283730420361,-0.00914097580506818,-0.005044711411532756,-0.0025181009559746693,0.040935948388119515,-0.04249551828713408,-0.038323692411439264,0.0678043240562373,,-0.006684840180617785,-0.011671271243072372,,,-0.0025181009559746745,1.0,-0.016498733469013233,-0.0025181009559746923,-0.0025181009559746823,-0.005643340857787858,-0.0025181009559746607,-0.005044711411532769,,-0.020185673973768803,-0.004366387607138281,-0.003563134847122675,-0.002518100955974671,,-0.002518100955974655,-0.004366387607138225,-0.002518100955974665,-0.006684840180617796,-0.005044711411532764,-0.006185461827454811,-0.0025181009559746607,-0.004366387607138152,-0.003563134847122701,-0.009830185600217568,-0.002518100955974656,-0.00877736839894256,-0.006185461827454743,,-0.0035631348471226697,-0.008003504381285031,-0.004366387607138141,-0.12735176049034552,-0.0421416481951283,0.06099336996751567,-0.05245008009806861,-0.020544081094395,0.002496499066893134
Ticket_CA,-0.006179130541375493,-0.08128554979780794,0.35751155591009637,0.22843477083291588,-0.005362862786457683,-0.056898240517509725,0.1593374768706993,-0.0061783615774126865,-0.0628467847475632,0.01771280305075197,-0.031536362294272154,-0.016498733469013052,-0.10586879201527298,-0.06754848697202652,0.13525372933301671,-0.02873929047633235,-0.05182748936106074,-0.05848531161076377,-0.04307207471099401,-0.042389751707036995,0.06262418876476335,-0.01474859504403464,-0.007361858439466778,0.09418094298596191,-0.12423885912888799,0.1393844312596434,-0.0063941605851345045,,-0.019543635446148913,-0.03412184348536592,,,-0.007361858439466802,-0.016498733469013233,1.0,-0.00736185843946688,-0.00736185843946684,-0.01649873346901319,-0.0073618584394667536,-0.014748595044034632,,-0.05901434330800907,-0.012765464140476553,-0.01041709399419016,-0.007361858439466788,,-0.007361858439466734,-0.01276546414047634,-0.007361858439466765,-0.019543635446148875,-0.01474859504403464,-0.018083665092300596,-0.007361858439466753,-0.01276546414047616,-0.010417093994190281,-0.02873929047633241,-0.007361858439466737,-0.02566129982626286,-0.018083665092300416,,-0.010417093994190144,-0.023398849889188254,-0.012765464140476294,-0.37232249585638005,0.35846909109307185,-0.1172451154851932,0.00642980036534733,0.213620028170804,-0.019136845025823353
Ticket_CASOTON,0.024727596998439523,-0.0028288073027770413,-0.015906791118565165,-0.015877575457576655,-0.014648522605915959,-0.014993344551953489,-0.007267251869536005,-0.01710031857539695,0.028509888986481793,-0.013666590382674197,-0.004813202430981651,-0.00251810095597468,-0.016158107340920002,-0.010309513147682638,0.0206429509133091,-0.0043863024369964814,-0.00791011326723754,-0.008926256027721164,-0.006573827785585651,-0.0064696889914306,-0.004078771864633881,-0.002250988013681124,-0.001123595505617977,0.01826592675641835,-0.0189618185255991,0.06570611539568291,-0.03713776357221947,,-0.002982825754025098,-0.005207808639462689,,,-0.0011235955056179796,-0.0025181009559746923,-0.00736185843946688,1.0,-0.0011235955056179703,-0.00251810095597468,-0.001123595505617967,-0.0022509880136811354,,-0.009006998905656401,-0.001948314851922774,-0.001589897454523713,-0.0011235955056179796,,-0.0011235955056179692,-0.0019483148519227758,-0.0011235955056179716,-0.0029828257540250994,-0.002250988013681129,-0.0027599993928001895,-0.0011235955056179668,-0.0019483148519227915,-0.00158989745452369,-0.004386302436996492,-0.0011235955056179677,-0.003916527516819768,-0.002759999392800191,,-0.0015898974545237145,-0.00357122359636475,-0.001948314851922778,-0.0568253093189037,-0.01880391904027221,0.027215698483171895,-0.023403618559321247,-0.009166922847133697,-0.026456468796962274
Ticket_FC,0.02472759699843943,0.0046269465849567955,0.014507266578090587,-0.015877575457576527,0.013360501682171672,0.09587030686539634,-0.0072672518695359786,-0.017100318575396796,0.028509888986481696,-0.013666590382674357,-0.004813202430981663,-0.0025181009559746732,-0.016158107340919874,-0.010309513147682615,0.020642950913309404,-0.00438630243699656,0.14204543824571295,-0.008926256027721331,-0.006573827785585707,-0.006469688991430671,-0.00407877186463386,-0.002250988013681149,-0.0011235955056179896,-0.06151319451793763,0.05925568289249663,-0.01710031857539683,-0.03713776357222002,,-0.0029828257540250435,-0.005207808639462649,,,-0.0011235955056179922,-0.0025181009559746823,-0.00736185843946684,-0.0011235955056179703,1.0,-0.0025181009559746732,-0.0011235955056179796,-0.002250988013681161,,-0.009006998905656552,-0.0019483148519227804,-0.001589897454523701,-0.0011235955056179922,,-0.0011235955056179817,-0.0019483148519227828,-0.0011235955056179841,-0.0029828257540250934,-0.002250988013681154,-0.0027599993928001986,-0.0011235955056179794,-0.0019483148519228051,-0.0015898974545236956,-0.004386302436996572,-0.0011235955056179802,-0.0039165275168198165,-0.0027599993928002255,,-0.001589897454523732,-0.003571223596364735,-0.001948314851922803,-0.05682530931890328,0.0019830435712446014,-0.041284830749896716,0.04800947779805964,-0.009166922847133826,-0.026456468796962028
Ticket_FCC,-0.07038345151157593,0.038218101375871456,-0.008384368547790013,0.039016141403586634,-0.015358863545387444,-0.033601732172083176,-0.01628670975318913,0.07302329651875204,-0.05788025958947549,0.012347799315632998,-0.010786915382051414,-0.0056433408577878826,-0.03621209353230246,-0.02310475147240439,0.04626312064175885,-0.00983018560021755,-0.017727432764288165,-0.020004720314644862,-0.014732670207853434,-0.014499283730420351,-0.009140975805068317,-0.005044711411532765,-0.002518100955974667,0.04093594838812017,-0.04249551828713373,0.14725462247221346,-0.0832298077790304,,-0.0066848401806177725,-0.011671271243071967,,,-0.0025181009559746732,-0.005643340857787858,-0.01649873346901319,-0.00251810095597468,-0.0025181009559746732,1.0,-0.0025181009559746607,-0.005044711411532771,,-0.020185673973768796,-0.004366387607138299,-0.0035631348471226705,-0.00251810095597467,,-0.002518100955974656,-0.004366387607138272,-0.0025181009559746624,-0.00668484018061778,-0.005044711411532773,-0.0061854618274549324,-0.0025181009559746607,-0.004366387607138138,-0.003563134847122685,-0.00983018560021757,-0.0025181009559746568,-0.008777368398942735,-0.006185461827454894,,-0.0035631348471226653,-0.008003504381284993,-0.004366387607138215,-0.1273517604903454,0.01376139181756533,-0.03111695654274901,0.043576676136273564,-0.020544081094395,0.0642848509725048
Ticket_Fa,0.02472759699843918,-0.0077993098945996165,-0.01590679111856623,-0.015877575457576197,-0.016799818146115482,-0.014993344551953032,-0.007267251869535913,-0.017100318575396484,0.02850988898648151,-0.01366659038267475,-0.004813202430981699,-0.0025181009559746602,-0.016158107340919547,-0.010309513147682544,0.020642950913310153,-0.004386302436996731,-0.007910113267237173,-0.008926256027721716,-0.00657382778558585,-0.006469688991430784,-0.004078771864633745,-0.0022509880136812213,-0.0011235955056180065,0.01826592675641875,-0.018961818525599233,-0.01710031857539651,0.030254797207511588,,-0.0029828257540249698,-0.005207808639462556,,,-0.001123595505617993,-0.0025181009559746607,-0.0073618584394667536,-0.001123595505617967,-0.0011235955056179796,-0.0025181009559746607,1.0,-0.002250988013681215,,-0.009006998905656923,-0.0019483148519227333,-0.0015898974545237037,-0.001123595505618001,,-0.0011235955056180284,-0.001948314851922819,-0.0011235955056180173,-0.0029828257540250617,-0.00225098801368121,-0.0027599993928002103,-0.0011235955056180264,-0.0019483148519228183,-0.0015898974545236904,-0.004386302436996752,-0.001123595505618027,-0.003916527516819933,-0.0027599993928002675,,-0.001589897454523763,-0.003571223596364702,-0.0019483148519228645,-0.056825309318902305,-0.01880391904027269,0.02721569848317084,-0.02340361855932134,-0.009166922847134152,-0.02645646879696142
Ticket_LINE,0.04953875676105535,0.015493155511251643,-0.03186733656817804,-0.03180880651677642,-0.04354373668665246,-0.030037356595579538,-0.014559062197147093,-0.034258424807578264,0.05711612235815498,-0.027379364713967694,-0.009642670271808958,-0.005044711411532768,-0.03237081829388291,-0.020653865564866026,0.04135566121485161,-0.008787427646952988,-0.015846957434755875,-0.017882676839650197,-0.013169870718928256,-0.012961241211039996,-0.008171327254269367,-0.004509582863585272,-0.0022509880136811974,0.03659358014685339,-0.03798771533466118,-0.03425842480757834,0.06061183542471054,,-0.00597573146709661,-0.010433216194227952,,,-0.002250988013681184,-0.005044711411532769,-0.014748595044034632,-0.0022509880136811354,-0.002250988013681161,-0.005044711411532771,-0.002250988013681215,1.0,,-0.01804443545252597,-0.0039032137069140373,-0.003185167700672288,-0.0022509880136811922,,-0.002250988013681219,-0.00390321370691405,-0.002250988013681209,-0.00597573146709676,-0.0045095828635851555,-0.0055293257403549075,-0.0022509880136812144,-0.0039032137069140525,-0.0031851677006723587,-0.008787427646953009,-0.002250988013681216,-0.007846290281096343,-0.005529325740354965,,-0.0031851677006723717,-0.007154515543537005,-0.0039032137069141366,-0.11384265023400893,-0.03767138276919656,0.05452336785192402,-0.046886325719879676,-0.01836482377160168,-0.018481080051845993
Ticket_LP,,,,,,,,,,,,,,,,,,,,,,,,,,,,,,,,,,,,,,,,,,,,,,,,,,,,,,,,,,,,,,,,,,,,,
Ticket_PC,-0.07363887173778894,0.16857813111304237,-0.0462437966399026,-0.049451355742959384,0.486256104176831,0.22541874637014336,-0.058255955376075884,0.039932020425832444,-0.06184072225078114,0.056976975966547855,-0.00675215328119743,0.09971722943041976,0.39713930702986266,-0.08264341853873546,-0.29590279358006943,0.06926836167746,0.1970409634361179,0.19859520251871313,0.06587163638370191,0.09254216393037067,-0.03269636941185051,-0.018044435452526264,-0.009006998905656797,-0.3012455430894844,0.4750071251603121,-0.13708007011852763,-0.29770481830962475,,-0.023911014389018676,-0.04174698677769194,,,-0.0090069989056567,-0.020185673973768803,-0.05901434330800907,-0.009006998905656401,-0.009006998905656552,-0.020185673973768796,-0.009006998905656923,-0.01804443545252597,,1.0,-0.015618138067836466,-0.01274498212337071,-0.009006998905656758,,-0.009006998905657001,-0.015618138067836615,-0.009006998905656862,-0.02391101438901866,-0.018044435452525768,-0.02212478724440125,-0.009006998905656928,-0.015618138067836858,-0.012744982123370847,-0.03516160491241586,-0.009006998905656986,-0.031395781561591965,-0.022124787244401298,,-0.012744982123371067,-0.028627746251637384,-0.015618138067836762,-0.45552469397556816,-0.05631112488576075,-0.019782964508026985,0.04137672793414155,-0.038282873259894434,0.14706150868670592
Ticket_PP,-0.03823485479464286,-0.05374531709372068,-0.010003051709736368,0.04461758040813265,-0.021011897940845365,0.03808073585832254,-0.01260141632757198,0.018210168717162033,-0.029080090425727963,0.03172155921243685,-0.008346094065617305,-0.004366387607138111,-0.02801816165503733,-0.017876698047734528,0.03579488138820199,-0.007605849382892317,-0.01371613813146591,-0.015478129899877834,-0.011399018814689178,-0.01121844212290004,-0.007072591303309098,0.5757240217698208,-0.0019483148519227388,-0.06055155481749788,-0.03287979746107104,-0.029651956141221115,0.05246182495976237,,-0.005172220508365586,-0.009030341317231154,,,-0.0019483148519227544,-0.004366387607138281,-0.012765464140476553,-0.001948314851922774,-0.0019483148519227804,-0.004366387607138299,-0.0019483148519227333,-0.0039032137069140373,,-0.015618138067836466,1.0,-0.002756882533077738,-0.0019483148519227453,,-0.0019483148519227201,-0.0033783783783784154,-0.0019483148519227262,-0.005172220508365611,-0.003903213706914146,-0.004785839549378597,-0.0019483148519227333,-0.003378378378378416,-0.002756882533077664,-0.007605849382892345,-0.0019483148519227227,-0.006791259568796046,-0.004785839549378597,,-0.0027568825330777005,-0.006192502495377899,-0.0033783783783784215,-0.09853509875890032,0.015453463886700405,-0.031994594649891815,0.04197167008909817,-0.01589544621725518,0.03380301670202414
Ticket_PPP,-0.014653357306902514,-0.0004861347505139625,0.020527908922096796,-0.022466907955568577,-0.007835120226161606,-0.021215713500773586,-0.010283224871394462,-0.02419710014736561,-0.007712391840752041,0.0484981323378883,-0.006810723480881347,-0.0035631348471226814,0.09839626764313814,-0.014588051152682536,-0.07701890399296574,-0.006206656260623077,-0.011192879364231885,-0.012630730245841609,-0.009302023735874246,-0.009154666432541569,-0.005771497814596342,-0.0031851677006723375,-0.001589897454523713,0.02584644590454571,-0.02683113883622167,0.09297472719667192,-0.05255025983545483,,-0.004220724495514907,-0.007369094712580035,,,-0.0015898974545237013,-0.003563134847122675,-0.01041709399419016,-0.001589897454523713,-0.001589897454523701,-0.0035631348471226705,-0.0015898974545237037,-0.003185167700672288,,-0.01274498212337071,-0.002756882533077738,1.0,-0.0015898974545237084,,-0.0015898974545237067,-0.0027568825330776987,-0.0015898974545237102,-0.004220724495514908,-0.0031851677006722937,-0.003905423248099085,-0.0015898974545237035,-0.0027568825330776545,-0.002249718785151865,-0.006206656260623087,-0.0015898974545237048,-0.005541920645311846,-0.00390542324809904,,-0.0022497187851518202,-0.005053312581801771,-0.0027568825330776636,-0.08040830902839449,0.002806023974256922,-0.05841839611453625,0.06793383042429113,-0.01297127589742085,0.01132935647296825
Ticket_SC,-0.04543892824235563,-0.03016657155780106,-0.015906791118565893,-0.015877575457576346,-0.013636148234057396,-0.014993344551953185,-0.00726725186953594,0.06570611539568108,-0.039410728893078756,-0.01366659038267457,-0.00481320243098168,-0.0025181009559746693,0.06953756909217151,-0.01030951314768258,-0.054429984857132595,-0.004386302436996645,-0.007910113267237293,-0.008926256027721548,-0.006573827785585783,-0.006469688991430764,-0.004078771864633829,-0.002250988013681191,-0.001123595505618011,0.018265926756418617,-0.01896181852559919,0.06570611539568116,-0.03713776357222075,,-0.0029828257540250027,-0.005207808639462599,,,-0.0011235955056180056,-0.002518100955974671,-0.007361858439466788,-0.0011235955056179796,-0.0011235955056179922,-0.00251810095597467,-0.001123595505618001,-0.0022509880136811922,,-0.009006998905656758,-0.0019483148519227453,-0.0015898974545237084,1.0,,-0.001123595505618003,-0.001948314851922792,-0.0011235955056180056,-0.0029828257540250942,-0.0022509880136811797,-0.0027599993928002224,-0.0011235955056180008,-0.0019483148519227912,-0.0015898974545237082,-0.004386302436996667,-0.0011235955056180015,-0.003916527516819877,-0.002759999392800256,,-0.001589897454523755,-0.0035712235963647147,-0.0019483148519228363,-0.056825309318902756,-0.01880391904027254,0.027215698483171177,-0.02340361855932131,-0.009166922847134005,0.04246959464775582
Ticket_SCA3,,,,,,,,,,,,,,,,,,,,,,,,,,,,,,,,,,,,,,,,,,,,,,,,,,,,,,,,,,,,,,,,,,,,,
Ticket_SCA4,0.02472759699843913,-0.007799309894599618,-0.01590679111856639,-0.015877575457576124,-0.01630206741328501,-0.014993344551952963,-0.007267251869535898,-0.017100318575396414,0.028509888986481456,-0.013666590382674836,-0.004813202430981708,-0.002518100955974655,-0.016158107340919478,-0.010309513147682532,0.020642950913310316,-0.00438630243699677,-0.007910113267237116,-0.008926256027721803,-0.006573827785585879,-0.006469688991430824,-0.004078771864633748,-0.0022509880136812334,-0.0011235955056180084,0.018265926756418808,-0.018961818525599257,-0.017100318575396442,0.030254797207511713,,-0.002982825754024937,-0.005207808639462537,,,-0.0011235955056179952,-0.002518100955974655,-0.007361858439466734,-0.0011235955056179692,-0.0011235955056179817,-0.002518100955974656,-0.0011235955056180284,-0.002250988013681219,,-0.009006998905657001,-0.0019483148519227201,-0.0015898974545237067,-0.001123595505618003,,1.0,-0.0019483148519228327,-0.0011235955056180193,-0.0029828257540250613,-0.002250988013681222,-0.0027599993928002046,-0.0011235955056180288,-0.0019483148519228318,-0.0015898974545236935,-0.004386302436996779,-0.001123595505618033,-0.003916527516819959,-0.002759999392800281,,-0.0015898974545237661,-0.0035712235963646943,-0.0019483148519228626,-0.05682530931890209,-0.018803919040272767,0.02721569848317068,-0.023403618559321358,-0.00916692284713422,-0.0264564687969613
Ticket_SCAH,-0.03823485479464235,0.020951405256227074,0.007576275851161086,-0.027531719308104212,-0.012023292973679519,0.01672100299728042,-0.012601416327571826,-0.029651956141220983,-0.029080090425728407,0.0871409891306322,-0.008346094065617269,-0.004366387607138147,0.021513945556545868,-0.01787669804773422,-0.007597280947700096,-0.007605849382892418,-0.01371613813146591,-0.015478129899877943,0.09119215051751255,-0.011218442122899986,-0.007072591303309135,-0.003903213706914051,-0.001948314851922796,-0.014439216918018943,-0.03287979746107117,0.11393441843393212,-0.0643968901381066,,-0.005172220508365664,-0.00903034131723101,,,-0.0019483148519227882,-0.004366387607138225,-0.01276546414047634,-0.0019483148519227758,-0.0019483148519227828,-0.004366387607138272,-0.001948314851922819,-0.00390321370691405,,-0.015618138067836615,-0.0033783783783784154,-0.0027568825330776987,-0.001948314851922792,,-0.0019483148519228327,1.0,-0.0019483148519228086,-0.005172220508365663,-0.0039032137069140733,-0.0047858395493785835,-0.0019483148519228197,-0.0033783783783784046,-0.002756882533077668,-0.00760584938289241,-0.00194831485192283,-0.006791259568796005,-0.00478583954937857,,-0.002756882533077659,-0.006192502495377824,-0.003378378378378398,-0.09853509875890092,-0.008576267916179294,-0.03199459464989252,0.04197167008909807,-0.015895446217255423,0.033803016702023944
Ticket_SCOW,0.024727596998439214,0.009597449176779358,-0.01590679111856611,-0.01587757545757625,-0.013450546265883323,-0.014993344551953084,-0.007267251869535921,-0.017100318575396536,0.02850988898648155,-0.013666590382674681,-0.004813202430981692,-0.0025181009559746646,-0.016158107340919596,-0.010309513147682556,0.02064295091331003,-0.0043863024369967,-0.007910113267237215,-0.008926256027721655,-0.006573827785585825,-0.0064696889914307625,-0.004078771864633775,-0.002250988013681211,-0.001123595505618011,0.018265926756418704,-0.018961818525599215,0.06570611539568064,-0.03713776357222114,,-0.0029828257540249975,-0.005207808639462571,,,-0.0011235955056179974,-0.002518100955974665,-0.007361858439466765,-0.0011235955056179716,-0.0011235955056179841,-0.0025181009559746624,-0.0011235955056180173,-0.002250988013681209,,-0.009006998905656862,-0.0019483148519227262,-0.0015898974545237102,-0.0011235955056180056,,-0.0011235955056180193,-0.0019483148519228086,1.0,-0.0029828257540250804,-0.0022509880136811983,-0.002759999392800225,-0.001123595505618017,-0.0019483148519228077,-0.0015898974545236965,-0.004386302436996722,-0.0011235955056180177,-0.003916527516819913,-0.00275999939280026,,-0.0015898974545237674,-0.003571223596364708,-0.001948314851922854,-0.056825309318902464,-0.018803919040272638,0.02721569848317096,-0.02340361855932133,-0.009166922847134102,-0.02645646879696152
Ticket_SCPARIS,0.039034417640377406,-0.029187616248632052,-0.007624858824149869,0.005189108356305299,-0.016863488614424996,-0.03980305549899918,0.04209895173463883,-0.013992545759561152,0.024168519766814094,-0.036280901409205604,-0.012777680311716716,-0.006684840180617731,0.1846024222447872,-0.027368818382248042,-0.14449609295451898,-0.011644382527874564,-0.020999095717986718,-0.02369666506619261,-0.017451638711019807,-0.017175179900312892,-0.010827976528734278,-0.0059757314670967595,-0.002982825754025087,0.04849082830766084,-0.05033822257076335,0.17443100494727676,-0.0985901750907998,,-0.007918552036199145,-0.013825247301323137,,,-0.0029828257540250934,-0.006684840180617796,-0.019543635446148875,-0.0029828257540250994,-0.0029828257540250934,-0.00668484018061778,-0.0029828257540250617,-0.00597573146709676,,-0.02391101438901866,-0.005172220508365611,-0.004220724495514908,-0.0029828257540250942,,-0.0029828257540250613,-0.005172220508365663,-0.0029828257540250804,1.0,-0.0059757314670967595,-0.007327011570244683,-0.0029828257540250617,-0.005172220508365722,-0.004220724495514905,-0.011644382527874567,-0.0029828257540250613,-0.010397264037730844,-0.007327011570244699,,-0.0042207244955149055,-0.009480580567790962,-0.00517222050836566,-0.1508549965440139,-0.0026189360435143728,-0.03166400889593885,0.046202300295038704,-0.024335566862696684,0.008185209987623161
Ticket_SCParis,-0.020746326477958602,-0.03803003111479567,0.01383083437964362,0.09322786968814192,0.002973218683068794,0.00697963472760395,-0.014559062197147062,0.0072147497896402025,-0.010919258686118002,0.020642316309940248,-0.00964267027180895,-0.005044711411532766,0.1393101287290334,-0.020653865564866054,-0.10904390671344294,-0.008787427646952903,-0.01584695743475615,-0.01788267683965002,0.0757267566338379,-0.012961241211040028,-0.008171327254269391,-0.004509582863585217,-0.002250988013681186,-0.0033633805282029883,-0.037987715334661096,0.13163427358129454,-0.0744010279838311,,-0.005975731467096668,-0.01043321619422794,,,-0.0022509880136811697,-0.005044711411532764,-0.01474859504403464,-0.002250988013681129,-0.002250988013681154,-0.005044711411532773,-0.00225098801368121,-0.0045095828635851555,,-0.018044435452525768,-0.003903213706914146,-0.0031851677006722937,-0.0022509880136811797,,-0.002250988013681222,-0.0039032137069140733,-0.0022509880136811983,-0.0059757314670967595,1.0,-0.0055293257403548875,-0.002250988013681211,-0.0039032137069140507,-0.0031851677006723483,-0.008787427646952936,-0.00225098801368122,-0.007846290281096211,-0.005529325740354913,,-0.0031851677006723613,-0.007154515543536988,-0.0039032137069140824,-0.11384265023400907,0.056028002598726895,-0.04840104052956988,0.060414315246933505,-0.018364823771601604,0.01604018268650711
Ticket_SOC,0.032014686790154706,-0.04255983871449044,0.03563564178258143,-0.03900166777362528,0.051055232084848495,-0.036829643454898635,-0.01785127356504835,-0.008104266697906351,0.0422249810570075,-0.03357060523046945,-0.01182314785037121,-0.006185461827454744,-0.0396907661402684,-0.025324282524626564,0.050707333467839545,-0.010774510935845855,-0.019430397954955443,-0.0219264504826753,-0.01614794701996489,-0.015892140542279908,-0.01001909300408635,-0.0055293257403549,-0.0027599993928002294,0.044868412613415926,-0.04657780077916601,0.16140046634985974,-0.09122518236926067,,-0.007327011570244673,-0.012792458327635687,,,-0.0027599993928002307,-0.006185461827454811,-0.018083665092300596,-0.0027599993928001895,-0.0027599993928001986,-0.0061854618274549324,-0.0027599993928002103,-0.0055293257403549075,,-0.02212478724440125,-0.004785839549378597,-0.003905423248099085,-0.0027599993928002224,,-0.0027599993928002046,-0.0047858395493785835,-0.002759999392800225,-0.007327011570244683,-0.0055293257403548875,1.0,-0.0027599993928002094,-0.004785839549378567,-0.0039054232480990204,-0.010774510935845824,-0.0027599993928002007,-0.009620556075794099,-0.006779661016949223,,-0.0039054232480990997,-0.008772351712193201,-0.004785839549378595,-0.139585659102112,0.004871147156753002,-0.017279704448456657,0.030220909668418925,-0.02251762432782149,-0.03676933148933865
Ticket_SOP,0.024727596998439176,0.05433197250318277,-0.015906791118566233,-0.015877575457576194,-0.013281817203906886,-0.014993344551953029,-0.007267251869535913,-0.01710031857539648,-0.03941072889307922,-0.013666590382674754,0.23344031790261124,-0.0025181009559746602,-0.016158107340919544,-0.010309513147682544,0.020642950913310164,-0.004386302436996733,-0.00791011326723717,-0.00892625602772172,-0.0065738277855858515,-0.006469688991430785,-0.004078771864633744,-0.0022509880136812217,-0.0011235955056180062,0.018265926756418752,-0.018961818525599233,0.06570611539568033,-0.03713776357222137,,-0.0029828257540249685,-0.005207808639462556,,,-0.0011235955056179926,-0.0025181009559746607,-0.007361858439466753,-0.0011235955056179668,-0.0011235955056179794,-0.0025181009559746607,-0.0011235955056180264,-0.0022509880136812144,,-0.009006998905656928,-0.0019483148519227333,-0.0015898974545237035,-0.0011235955056180008,,-0.0011235955056180288,-0.0019483148519228197,-0.001123595505618017,-0.0029828257540250617,-0.002250988013681211,-0.0027599993928002094,1.0,-0.0019483148519228188,-0.0015898974545236898,-0.004386302436996753,-0.0011235955056180275,-0.003916527516819934,-0.0027599993928002667,,-0.0015898974545237626,-0.003571223596364702,-0.001948314851922864,-0.056825309318902305,-0.018803919040272694,0.027215698483170833,-0.02340361855932134,-0.009166922847134155,-0.026456468796961417
Ticket_SOPP,0.002321401898246113,0.016641978966807087,-0.027582379270633155,-0.027531719308103993,-0.026551341234254938,-0.0046387298637617196,-0.012601416327571764,-0.029651956141220702,0.010178031649004984,0.03172155921243643,-0.00834609406561721,-0.004366387607138144,-0.02801816165503661,-0.017876698047733796,0.035794881388202526,-0.00760584938289252,-0.013716138131465824,-0.015478129899878193,-0.011399018814688916,0.09290272383026393,-0.007072591303309156,-0.00390321370691405,-0.0019483148519227951,-0.014439216918018848,-0.032879797461071426,0.06607229357554613,-0.025443985105484384,,-0.005172220508365697,-0.009030341317230822,,,-0.0019483148519227915,-0.004366387607138152,-0.01276546414047616,-0.0019483148519227915,-0.0019483148519228051,-0.004366387607138138,-0.0019483148519228183,-0.0039032137069140525,,-0.015618138067836858,-0.003378378378378416,-0.0027568825330776545,-0.0019483148519227912,,-0.0019483148519228318,-0.0033783783783784046,-0.0019483148519228077,-0.005172220508365722,-0.0039032137069140507,-0.004785839549378567,-0.0019483148519228188,1.0,-0.00275688253307768,-0.0076058493828925385,-0.0019483148519228294,-0.006791259568795986,-0.004785839549378551,,-0.002756882533077675,-0.006192502495377731,-0.0033783783783783916,-0.09853509875890232,-0.0326059997190592,0.04719202710859252,-0.040581879688796584,-0.01589544621725571,-0.04587552266703247
Ticket_SOTONO2,0.03498976573663319,0.004788843686296178,-0.022508248371051948,-0.022466907955568213,-0.02356894928320814,-0.021215713500773458,-0.01028322487139455,-0.024197100147365546,0.04034174193624115,-0.01933834476267437,-0.0068107234808813,-0.003563134847122684,-0.022863863020812003,-0.01458805115268258,0.029209955848725894,-0.006206656260623148,-0.011192879364231866,-0.012630730245841722,-0.009302023735874104,-0.00915466643254164,-0.005771497814596265,-0.003185167700672341,-0.0015898974545237045,0.025846445904545937,-0.026831138836221558,-0.024197100147365577,0.042810802309943545,,-0.004220724495514892,-0.007369094712580154,,,-0.0015898974545237084,-0.003563134847122701,-0.010417093994190281,-0.00158989745452369,-0.0015898974545236956,-0.003563134847122685,-0.0015898974545236904,-0.0031851677006723587,,-0.012744982123370847,-0.002756882533077664,-0.002249718785151865,-0.0015898974545237082,,-0.0015898974545236935,-0.002756882533077668,-0.0015898974545236965,-0.004220724495514905,-0.0031851677006723483,-0.0039054232480990204,-0.0015898974545236898,-0.00275688253307768,1.0,-0.0062066562606231624,-0.001589897454523691,-0.0055419206453118175,-0.0039054232480990074,,-0.002249718785151865,-0.005053312581801816,-0.0027568825330776705,-0.08040830902839571,-0.0266077096853068,0.0385104510699169,-0.0331163246809567,-0.012971275897421045,-0.03743613443241882
Ticket_SOTONOQ,0.0782707049155873,-0.03174061038398216,-0.06209707701685947,-0.061983024651615676,-0.06501022724359862,-0.04891358840360126,-0.028369964481195702,-0.045205679367376385,0.09362055730802163,-0.053351760843850925,-0.01878982378196754,-0.009830185600217565,-0.06307816758998769,-0.04024637195309611,0.0805861410490833,-0.01712328767123317,-0.030879572699891607,-0.03484640012520687,-0.025662969184315584,0.02162581921915383,-0.015922747003119072,-0.008787427646953186,-0.004386302436996684,0.050543861342668785,-0.0740233210197621,-0.06675638044620458,0.1181089547427026,,-0.011644382527874557,-0.020330291116750793,,,-0.004386302436996644,-0.009830185600217568,-0.02873929047633241,-0.004386302436996492,-0.004386302436996572,-0.00983018560021757,-0.004386302436996752,-0.008787427646953009,,-0.03516160491241586,-0.007605849382892345,-0.006206656260623087,-0.004386302436996667,,-0.004386302436996779,-0.00760584938289241,-0.004386302436996722,-0.011644382527874567,-0.008787427646952936,-0.010774510935845824,-0.004386302436996753,-0.0076058493828925385,-0.0062066562606231624,1.0,-0.004386302436996772,-0.01528937603051521,-0.010774510935845824,,-0.006206656260623271,-0.013941375419776766,-0.007605849382892483,-0.22183516354624158,-0.0734069115611743,0.10624489327735505,-0.09136326071794619,-0.03578591746148567,-0.06740444567320562
Ticket_SP,0.024727596998439138,-0.02519606896597847,-0.015906791118566358,-0.01587757545757614,-0.01622897398363682,-0.014993344551952975,-0.0072672518695359005,-0.017100318575396428,0.028509888986481456,-0.01366659038267482,-0.004813202430981707,-0.0025181009559746563,-0.016158107340919495,-0.010309513147682534,0.020642950913310285,-0.004386302436996762,-0.007910113267237126,-0.008926256027721785,-0.006573827785585874,-0.006469688991430815,-0.004078771864633746,-0.0022509880136812313,-0.001123595505618007,0.018265926756418794,-0.018961818525599253,-0.01710031857539646,0.03025479720751169,,-0.002982825754024942,-0.0052078086394625415,,,-0.0011235955056179935,-0.002518100955974656,-0.007361858439466737,-0.0011235955056179677,-0.0011235955056179802,-0.0025181009559746568,-0.001123595505618027,-0.002250988013681216,,-0.009006998905656986,-0.0019483148519227227,-0.0015898974545237048,-0.0011235955056180015,,-0.001123595505618033,-0.00194831485192283,-0.0011235955056180177,-0.0029828257540250613,-0.00225098801368122,-0.0027599993928002007,-0.0011235955056180275,-0.0019483148519228294,-0.001589897454523691,-0.004386302436996772,1.0,-0.0039165275168199535,-0.0027599993928002775,,-0.001589897454523764,-0.0035712235963646956,-0.00194831485192286,-0.05682530931890213,-0.018803919040272753,0.027215698483170712,-0.02340361855932135,-0.009166922847134206,-0.026456468796961324
Ticket_STONO,0.08619321952160457,-0.0026413471046542263,-0.04661190529513674,-0.0553446154501837,-0.05758885372894606,-0.05226244339112887,-0.025331528807640846,-0.05960674273976528,0.09937719059815937,-0.04763776379241577,-0.01677742539081759,-0.008777368398942536,-0.056322468098192864,-0.03593596781584414,0.07195532989949757,-0.015289376030515271,-0.02757235688234453,-0.031114335345725403,-0.02291445389764203,-0.02255145631458181,-0.01421741379597521,-0.007846290281096364,-0.003916527516819889,0.06366971423793667,-0.06609539078176155,-0.0596067427397653,0.10545943374332682,,-0.01039726403773085,-0.01815290799652093,,,-0.00391652751681986,-0.00877736839894256,-0.02566129982626286,-0.003916527516819768,-0.0039165275168198165,-0.008777368398942735,-0.003916527516819933,-0.007846290281096343,,-0.031395781561591965,-0.006791259568796046,-0.005541920645311846,-0.003916527516819877,,-0.003916527516819959,-0.006791259568796005,-0.003916527516819913,-0.010397264037730844,-0.007846290281096211,-0.009620556075794099,-0.003916527516819934,-0.006791259568795986,-0.0055419206453118175,-0.01528937603051521,-0.0039165275168199535,1.0,-0.009620556075794087,,-0.0055419206453118765,-0.012448247980651977,-0.0067912595687960355,-0.198076519963359,-0.05950688964374646,0.07496827307764137,-0.06083443967176866,-0.03195322996207229,0.007887199583134972
Ticket_STONO2,-0.08288998966514473,-0.02221060558039998,-0.0017188956624539125,-0.03900166777362503,-0.035872098752554066,-0.036829643454898496,-0.01785127356504835,0.09359857313075044,-0.06900179831266978,0.005683212696496169,-0.01182314785037119,-0.006185461827454733,-0.03969076614026795,-0.025324282524626162,0.050707333467839594,-0.010774510935845869,-0.019430397954955398,-0.021926450482675233,-0.016147947019964918,-0.015892140542279887,-0.01001909300408636,-0.00552932574035495,-0.0027599993928002645,0.04486841261341594,-0.046577800779166144,-0.04200521330745989,0.07431786751060047,,-0.007327011570244687,-0.012792458327635675,,,-0.0027599993928002597,-0.006185461827454743,-0.018083665092300416,-0.002759999392800191,-0.0027599993928002255,-0.006185461827454894,-0.0027599993928002675,-0.005529325740354965,,-0.022124787244401298,-0.004785839549378597,-0.00390542324809904,-0.002759999392800256,,-0.002759999392800281,-0.00478583954937857,-0.00275999939280026,-0.007327011570244699,-0.005529325740354913,-0.006779661016949223,-0.0027599993928002667,-0.004785839549378551,-0.0039054232480990074,-0.010774510935845824,-0.0027599993928002775,-0.009620556075794087,1.0,,-0.0039054232480991353,-0.008772351712193132,-0.004785839549378591,-0.13958565910211312,-0.020659394705993286,-0.017279704448456373,0.030220909668418876,-0.02251762432782156,0.019667316843134896
Ticket_STONOQ,,,,,,,,,,,,,,,,,,,,,,,,,,,,,,,,,,,,,,,,,,,,,,,,,,,,,,,,,,,,,,,,,,,,,
Ticket_SWPP,0.03498976573663283,0.039955366598363934,-0.022508248371052426,-0.022466907955568157,-0.020727787435274092,-0.021215713500773295,-0.010283224871394448,-0.02419710014736528,0.04034174193624092,-0.01933834476267452,-0.006810723480881352,-0.0035631348471226753,-0.02286386302081161,-0.014588051152682505,0.029209955848726207,-0.006206656260623258,-0.011192879364231672,-0.012630730245841982,-0.0093020237358743,-0.009154666432541788,-0.005771497814596289,-0.00318516770067244,-0.0015898974545237596,0.025846445904546038,-0.026831138836221687,0.09297472719667008,-0.05255025983545632,,-0.004220724495514788,-0.007369094712580015,,,-0.001589897454523748,-0.0035631348471226697,-0.010417093994190144,-0.0015898974545237145,-0.001589897454523732,-0.0035631348471226653,-0.001589897454523763,-0.0031851677006723717,,-0.012744982123371067,-0.0027568825330777005,-0.0022497187851518202,-0.001589897454523755,,-0.0015898974545237661,-0.002756882533077659,-0.0015898974545237674,-0.0042207244955149055,-0.0031851677006723613,-0.0039054232480990997,-0.0015898974545237626,-0.002756882533077675,-0.002249718785151865,-0.006206656260623271,-0.001589897454523764,-0.0055419206453118765,-0.0039054232480991353,,1.0,-0.005053312581801767,-0.002756882533077702,-0.08040830902839427,-0.026607709685306975,0.03851045106991651,-0.0331163246809568,-0.012971275897421197,0.06009484737835761
Ticket_WC,-0.05521598491314955,-0.020839693091019757,0.026776195232628846,0.13468247616671936,-0.02114944427143559,-0.04765468140860333,-0.02309815340792005,0.07724406499349705,-0.03891136930846368,-0.012962916274443537,-0.015298229665085619,-0.008003504381284918,-0.05135675064555505,-0.032767643191833534,0.0656113281261855,-0.013941375419776737,-0.025141417003389947,-0.028371113976518043,-0.020894181926625968,-0.020563188328730754,-0.012963923631180388,-0.007154515543536984,-0.0035712235963647116,0.05805622069137209,-0.060268035436260255,0.02460585320825431,0.03190158249001986,,-0.009480580567790919,-0.016552441697755486,,,-0.0035712235963647207,-0.008003504381285031,-0.023398849889188254,-0.00357122359636475,-0.003571223596364735,-0.008003504381284993,-0.003571223596364702,-0.007154515543537005,,-0.028627746251637384,-0.006192502495377899,-0.005053312581801771,-0.0035712235963647147,,-0.0035712235963646943,-0.006192502495377824,-0.003571223596364708,-0.009480580567790962,-0.007154515543536988,-0.008772351712193201,-0.003571223596364702,-0.006192502495377731,-0.005053312581801816,-0.013941375419776766,-0.0035712235963646956,-0.012448247980651977,-0.008772351712193132,,-0.005053312581801767,1.0,-0.006192502495377717,-0.1806129381042511,0.08558574786338134,-0.04413072048952386,-0.0289900838124679,0.1383492284301008,-0.06218156523146835
Ticket_WEP,0.002321401898246139,0.09277517674656163,0.00757627585116111,0.04461758040813267,0.04157015771726927,0.12351966730249238,-0.012601416327571655,0.018210168717162484,-0.029080090425728653,-0.023697870705761636,0.12936445801706747,-0.004366387607138143,-0.028018161655036785,-0.017876698047733897,0.03579488138820232,-0.00760584938289248,0.15963250123216732,-0.015478129899878054,-0.011399018814688982,0.09290272383026643,-0.007072591303309104,-0.0039032137069141748,-0.0019483148519228424,-0.10666389271697661,0.10274936706584777,-0.029651956141220816,-0.06439689013810677,,-0.005172220508365644,-0.00903034131723087,,,-0.0019483148519228277,-0.004366387607138141,-0.012765464140476294,-0.001948314851922778,-0.001948314851922803,-0.004366387607138215,-0.0019483148519228645,-0.0039032137069141366,,-0.015618138067836762,-0.0033783783783784215,-0.0027568825330776636,-0.0019483148519228363,,-0.0019483148519228626,-0.003378378378378398,-0.001948314851922854,-0.00517222050836566,-0.0039032137069140824,-0.004785839549378595,-0.001948314851922864,-0.0033783783783783916,-0.0027568825330776705,-0.007605849382892483,-0.00194831485192286,-0.0067912595687960355,-0.004785839549378591,,-0.002756882533077702,-0.006192502495377717,1.0,-0.09853509875890236,0.02746832978814035,-0.07158790552913502,0.08324844497804479,-0.015895446217255492,-0.0060362529825044265
Ticket_XXX,-0.032506788878110676,-0.03987585604021168,-0.08076751580100523,-0.035762371733614046,-0.17317013266691286,-0.0075875252857872735,0.016416874346996103,0.022157164542469424,-0.03920019026968765,0.013083101469395548,0.03001387653454353,-0.02435289338272208,-0.11561532154372363,0.17229709605617344,-0.007142920417176203,0.017384359261264113,-0.04437419352427495,0.002373020796863581,0.02062208321390835,-0.010194107188306052,0.028999022065575055,-0.0371151151670645,0.019772800519438073,0.008179866707162345,-0.04932751740053528,-0.060206903780832904,0.09150060153872538,,-0.15085499654401102,-0.2633824497619009,,,-0.05682530931890289,-0.12735176049034552,-0.37232249585638005,-0.0568253093189037,-0.05682530931890328,-0.1273517604903454,-0.056825309318902305,-0.11384265023400893,,-0.45552469397556816,-0.09853509875890032,-0.08040830902839449,-0.056825309318902756,,-0.05682530931890209,-0.09853509875890092,-0.056825309318902464,-0.1508549965440139,-0.11384265023400907,-0.139585659102112,-0.056825309318902305,-0.09853509875890232,-0.08040830902839571,-0.22183516354624158,-0.05682530931890213,-0.198076519963359,-0.13958565910211312,,-0.08040830902839427,-0.1806129381042511,-0.09853509875890236,1.0,-0.07306810962357574,0.003247025177107344,0.012982292006455143,-0.03019331625747066,0.0014915460550203505
FamilySize,-0.20098844437108596,-0.2773178059085835,0.8907116718699047,0.7831107750000561,0.21713840705243473,-0.01880944659815739,0.37247187579235547,0.10927117180626172,-0.3380142206968866,0.15153437992489516,-0.040975222603576555,-0.023507301524230525,-0.046215263541565764,-0.05859208586462355,0.07735851572595014,-0.05176735549797868,0.004619762370505214,0.035346823289868025,-0.021566454187179195,-0.03346601898944847,0.013003190856971034,0.035205916961409574,-0.018803919040272572,0.00917491477795222,-0.04611401401804062,-0.038593992797040066,0.07114202245054688,,-0.034152341648528324,-0.05962763988311464,,,-0.018803919040272492,-0.0421416481951283,0.35846909109307185,-0.01880391904027221,0.0019830435712446014,0.01376139181756533,-0.01880391904027269,-0.03767138276919656,,-0.05631112488576075,0.015453463886700405,0.002806023974256922,-0.01880391904027254,,-0.018803919040272767,-0.008576267916179294,-0.018803919040272638,-0.0026189360435143728,0.056028002598726895,0.004871147156753002,-0.018803919040272694,-0.0326059997190592,-0.0266077096853068,-0.0734069115611743,-0.018803919040272753,-0.05950688964374646,-0.020659394705993286,,-0.026607709685306975,0.08558574786338134,0.02746832978814035,-0.07306810962357574,1.0,-0.6909217873610249,0.27855250013251714,0.8149010269340294,0.01663898928274531
Singleton,0.30364618554380607,0.17936295680948347,-0.5844711694024861,-0.5833976837814403,-0.27183235810610606,-0.09955906134782871,-0.2670242644710886,-0.050401873003689035,0.396920378046148,-0.3578262083291912,0.03507437691043732,-0.0004135143726610364,-0.0952984836030631,0.08646366375783432,0.0290737393838595,0.052762294458075024,-0.06491411023418449,-0.12506230865113993,-0.08366378267613887,-0.02817933136768933,-0.015972217943333773,-0.08270917665673662,0.027215698483171107,0.1580288826419095,-0.11336354127867153,-0.0390700363026327,0.1294719571343361,,0.046271438414231106,0.05054898687297944,,,0.02721569848317129,0.06099336996751567,-0.1172451154851932,0.027215698483171895,-0.041284830749896716,-0.03111695654274901,0.02721569848317084,0.05452336785192402,,-0.019782964508026985,-0.031994594649891815,-0.05841839611453625,0.027215698483171177,,0.02721569848317068,-0.03199459464989252,0.02721569848317096,-0.03166400889593885,-0.04840104052956988,-0.017279704448456657,0.027215698483170833,0.04719202710859252,0.0385104510699169,0.10624489327735505,0.027215698483170712,0.07496827307764137,-0.017279704448456373,,0.03851045106991651,-0.04413072048952386,-0.07158790552913502,0.003247025177107344,-0.6909217873610249,1.0,-0.8599308437294781,-0.3368248238347347,-0.2033670856998897
SmallFamily,-0.2607471080704818,-0.06243731943948034,0.21322455569704263,0.2658631751423373,0.20552717549473415,0.14901379318617575,0.10266802919820409,-0.0076835156579441,-0.2927921789786062,0.365088035493775,-0.015278626164421192,0.011567757391491806,0.15858615565389098,-0.08709331349711405,-0.08412010298646973,-0.03560664064966492,0.08126424875655335,0.13139428137662157,0.11629476620140533,0.05799060839989537,0.034690289738112064,0.09618119556920456,-0.023403618559321316,-0.21138648572767632,0.1685680735400941,0.10454619665727077,-0.23032464095402067,,-0.035046876473801905,-0.029665997241834823,,,-0.023403618559321302,-0.05245008009806861,0.00642980036534733,-0.023403618559321247,0.04800947779805964,0.043576676136273564,-0.02340361855932134,-0.046886325719879676,,0.04137672793414155,0.04197167008909817,0.06793383042429113,-0.02340361855932131,,-0.023403618559321358,0.04197167008909807,-0.02340361855932133,0.046202300295038704,0.060414315246933505,0.030220909668418925,-0.02340361855932134,-0.040581879688796584,-0.0331163246809567,-0.09136326071794619,-0.02340361855932135,-0.06083443967176866,0.030220909668418876,,-0.0331163246809568,-0.0289900838124679,0.08324844497804479,0.012982292006455143,0.27855250013251714,-0.8599308437294781,1.0,-0.19093985745257155,0.279854547033286
LargeFamily,-0.102953716994066,-0.22976415079898407,0.7306914586050175,0.6315231746731084,0.1436362139555972,-0.08342141576065903,0.3241363548422771,0.1111048975430253,-0.22322065864931276,0.014670269956066621,-0.03926880724587659,-0.020544081094395,-0.10927357325775983,-0.005620306600961298,0.09926500602671384,-0.035785917461485656,-0.02506993249490115,-0.0018714019367853357,-0.053632977187518145,-0.052783354448161054,-0.03327691042480188,-0.018364823771602045,-0.009166922847134036,0.08603502046507137,-0.09294545466613956,-0.11772105049522834,0.17589028439614188,,-0.024335566862696705,-0.04248822620052511,,,-0.009166922847133954,-0.020544081094395,0.213620028170804,-0.009166922847133697,-0.009166922847133826,-0.020544081094395,-0.009166922847134152,-0.01836482377160168,,-0.038282873259894434,-0.01589544621725518,-0.01297127589742085,-0.009166922847134005,,-0.00916692284713422,-0.015895446217255423,-0.009166922847134102,-0.024335566862696684,-0.018364823771601604,-0.02251762432782149,-0.009166922847134155,-0.01589544621725571,-0.012971275897421045,-0.03578591746148567,-0.009166922847134206,-0.03195322996207229,-0.02251762432782156,,-0.012971275897421197,0.1383492284301008,-0.015895446217255492,-0.03019331625747066,0.8149010269340294,-0.3368248238347347,-0.19093985745257155,1.0,-0.12514712398530667
Survived,-0.5433513806577526,-0.0628999501414038,-0.03532249888573588,0.08162940708348222,0.2573065223849618,0.2703097268623015,0.0852205608392934,0.3327954348973081,-0.5491991849030061,0.3449349674862835,-0.0313156704377361,0.03339067501969877,0.16824043121823343,0.003650382683972286,-0.14968272327068607,0.02228695381130176,0.17509503365047693,0.11465211543263704,0.15071564423048353,0.14532144323642776,0.05793494702080378,0.016040182686507424,-0.026456468796961643,-0.3169115231122935,0.28590376778374027,0.09334857241192815,-0.3223083573729687,,-0.07023438247444534,-0.0921987983652178,,,-0.026456468796961792,0.002496499066893134,-0.019136845025823353,-0.026456468796962274,-0.026456468796962028,0.0642848509725048,-0.02645646879696142,-0.018481080051845993,,0.14706150868670592,0.03380301670202414,0.01132935647296825,0.04246959464775582,,-0.0264564687969613,0.033803016702023944,-0.02645646879696152,0.008185209987623161,0.01604018268650711,-0.03676933148933865,-0.026456468796961417,-0.04587552266703247,-0.03743613443241882,-0.06740444567320562,-0.026456468796961324,0.007887199583134972,0.019667316843134896,,0.06009484737835761,-0.06218156523146835,-0.0060362529825044265,0.0014915460550203505,0.01663898928274531,-0.2033670856998897,0.279854547033286,-0.12514712398530667,1.0
